{
  "title": "Branching Scenario Editor",
  "description": "description",
  "majorVersion": 1,
  "minorVersion": 2,
  "patchVersion": 0,
  "runnable": 0,
  "author": "Joubel",
  "license": "MIT",
  "machineName": "H5PEditor.BranchingScenario",
  "coreApi": {
    "majorVersion": 1,
    "minorVersion": 24
  },
  "preloadedJs": [
    {
      "path": "dist/dist.js"
    }
  ],
  "preloadedDependencies": [
    {
      "machineName": "H5P.MaterialDesignIcons",
      "majorVersion": 1,
      "minorVersion": 0
    },
    {
      "machineName": "H5P.BranchingQuestion",
      "majorVersion": 1,
      "minorVersion": 0
    },
    {
      "machineName": "H5P.BranchingScenario",
      "majorVersion": 1,
      "minorVersion": 2
    },
    {
      "machineName": "H5P.CoursePresentation",
      "majorVersion": 1,
      "minorVersion": 22
    },
    {
      "machineName": "H5P.AdvancedText",
      "majorVersion": 1,
      "minorVersion": 1
    },
    {
      "machineName": "H5P.Image",
      "majorVersion": 1,
      "minorVersion": 1
    },
    {
      "machineName": "H5P.ImageHotspots",
      "majorVersion": 1,
      "minorVersion": 8
    },
    {
      "machineName": "H5P.InteractiveVideo",
      "majorVersion": 1,
      "minorVersion": 22
    },
    {
      "machineName": "H5P.Video",
      "majorVersion": 1,
      "minorVersion": 5
    }
  ]
}